PDB ID,Chain,Res Name,Res ID,Expt. pKa,Mutation
1TQO,A,GLU,92,9,I92E
1TR5,A,GLU,92,9,I92E
1TT2,A,LYS,92,5.3, I92K
2OEO,A,ASP,92,8.1, I92D
2RBM,A,LYS,72,8.6,I72K 
3BDC,A,GLU,10,2.82,
3BDC,A,ASP,19,2.21,
3BDC,A,ASP,21,6.54,
3BDC,A,ASP,40,3.87,
3BDC,A,GLU,43,4.32,
3BDC,A,GLU,52,3.93,
3BDC,A,GLU,57,3.49,
3BDC,A,GLU,67,3.76,
3BDC,A,GLU,73,3.31,
3BDC,A,GLU,75,3.26,
3BDC,A,ASP,95,2.16,
3BDC,A,GLU,101,3.81,
3BDC,A,GLU,122,3.89,
3BDC,A,GLU,129,3.75,
3BDC,A,GLU,135,3.76,
3C1E,A,LYS,125,6.2,L125K 
3C1F,A,LYS,104,7.7,V104K 
3D4D,A,GLU,91,7.3,Y91E 
3D6C,A,GLU,38,7,L38E
3DMU,A,LYS,62,8.1,T62K
3E5S,A,LYS,103,8.2,L103K 
3EJI,A,LYS,36,7.2,L36K 
3ERO,A,GLU,72,7.3,I72E 
3EVQ,A,GLU,25,7.5,L25E 
3H6M,A,GLU,104,9.4,V104E 
3HZX,A,LYS,66,5.6,V66K
3ITP,A,LYS,34,7.1,F34K 
3P75,A,ASP,104,9.7,V104D 
3QOJ,A,LYS,23,7.3,V23K
3QOL,A,GLU,23,7.1,V23E
3RUZ,A,LYS,74,7.4,V74K 
3SK5,A,ASP,39,8.1,V39D 
3TP7,A,GLU,99,8.4,V99E 
3TP8,A,GLU,36,8.7,L36E 
4EQO,A,ASP,99,8.5,V99D 
4EQP,A,ASP,72,7.6,I72D 
4HMI,A,LYS,99,6.5,V99K 
4HMJ,A,ASP,36,7.9,L36D 
4KY5,A,ASP,23,6.8,V23D
4KY6,A,ASP,25,6.8,L25D
4KY7,A,ASP,74,8.3,V74D 
4YIJ,A,GLU,109,7.9,A109E 
5DEH,A,ASP,100,6.9,N100D 
5E3F,A,LYS,92,5.3,I92K 
5EGT,A,GLU,66,8.5,V66E 
5I6W,A,ASP,58,6.8,A58D 
5I6Y,A,GLU,90,6.4,A90E 
5IIF,A,ASP,62,8.7,T62D 
5ISR,A,GLU,38,7,L38E 
5J1Z,A,ASP,90,7.5,A90D 
5J22,A,ASP,103,8.7,L103D 
5JAV,A,ASP,91,7.2,Y91D 
5KGU,A,ASP,118,7,N118D 
5KIX,A,GLU,92,9,I92E 
6EEG,A,GLU,62,7.7,T62E 
